-- phpMyAdmin SQL Dump
-- version 5.0.3
-- https://www.phpmyadmin.net/
--
-- Host: 127.0.0.1
-- Waktu pembuatan: 16 Feb 2022 pada 15.21
-- Versi server: 10.4.14-MariaDB
-- Versi PHP: 7.2.34

SET SQL_MODE = "NO_AUTO_VALUE_ON_ZERO";
START TRANSACTION;
SET time_zone = "+00:00";


/*!40101 SET @OLD_CHARACTER_SET_CLIENT=@@CHARACTER_SET_CLIENT */;
/*!40101 SET @OLD_CHARACTER_SET_RESULTS=@@CHARACTER_SET_RESULTS */;
/*!40101 SET @OLD_COLLATION_CONNECTION=@@COLLATION_CONNECTION */;
/*!40101 SET NAMES utf8mb4 */;

--
-- Database: `toko_baju`
--

-- --------------------------------------------------------

--
-- Struktur dari tabel `cart`
--

CREATE TABLE `cart` (
  `idcart` int(11) NOT NULL,
  `orderid` varchar(100) NOT NULL,
  `userid` int(11) NOT NULL,
  `tglorder` timestamp NOT NULL DEFAULT current_timestamp(),
  `status` varchar(10) NOT NULL DEFAULT 'Cart'
) ENGINE=InnoDB DEFAULT CHARSET=utf8mb4;

--
-- Dumping data untuk tabel `cart`
--

INSERT INTO `cart` (`idcart`, `orderid`, `userid`, `tglorder`, `status`) VALUES
(13, '16ECAIxC2NknI', 5, '2022-02-16 11:59:56', 'Pengiriman'),
(14, '16YgUP8gyG1MU', 6, '2022-02-16 13:47:53', 'Confirmed'),
(15, '16XI7MxOei4ZU', 5, '2022-02-16 14:05:00', 'Pengiriman'),
(16, '16q71fhRMpj/o', 1, '2022-02-16 14:10:51', 'Selesai');

-- --------------------------------------------------------

--
-- Struktur dari tabel `detailorder`
--

CREATE TABLE `detailorder` (
  `detailid` int(11) NOT NULL,
  `orderid` varchar(100) NOT NULL,
  `idproduk` int(11) NOT NULL,
  `qty` int(11) NOT NULL
) ENGINE=InnoDB DEFAULT CHARSET=utf8mb4;

--
-- Dumping data untuk tabel `detailorder`
--

INSERT INTO `detailorder` (`detailid`, `orderid`, `idproduk`, `qty`) VALUES
(15, '16ECAIxC2NknI', 6, 2),
(16, '16YgUP8gyG1MU', 4, 2),
(17, '16YgUP8gyG1MU', 7, 1),
(18, '16XI7MxOei4ZU', 6, 1),
(19, '16q71fhRMpj/o', 6, 1);

-- --------------------------------------------------------

--
-- Struktur dari tabel `kategori`
--

CREATE TABLE `kategori` (
  `idkategori` int(11) NOT NULL,
  `namakategori` varchar(20) NOT NULL,
  `tgldibuat` timestamp NOT NULL DEFAULT current_timestamp()
) ENGINE=InnoDB DEFAULT CHARSET=utf8mb4;

--
-- Dumping data untuk tabel `kategori`
--

INSERT INTO `kategori` (`idkategori`, `namakategori`, `tgldibuat`) VALUES
(1, 'Baju Kaftan', '2019-12-20 07:28:34'),
(2, 'Baju Gamis', '2019-12-20 07:34:17'),
(3, 'Baju Koko', '2020-03-16 12:15:40');

-- --------------------------------------------------------

--
-- Struktur dari tabel `konfirmasi`
--

CREATE TABLE `konfirmasi` (
  `idkonfirmasi` int(11) NOT NULL,
  `orderid` varchar(100) NOT NULL,
  `userid` int(11) NOT NULL,
  `payment` varchar(10) NOT NULL,
  `namarekening` varchar(25) NOT NULL,
  `tglbayar` date NOT NULL,
  `tglsubmit` timestamp NOT NULL DEFAULT current_timestamp()
) ENGINE=InnoDB DEFAULT CHARSET=utf8mb4;

--
-- Dumping data untuk tabel `konfirmasi`
--

INSERT INTO `konfirmasi` (`idkonfirmasi`, `orderid`, `userid`, `payment`, `namarekening`, `tglbayar`, `tglsubmit`) VALUES
(4, '16YgUP8gyG1MU', 6, 'BSI', 'anjay', '2022-02-16', '2022-02-16 14:08:53');

-- --------------------------------------------------------

--
-- Struktur dari tabel `login`
--

CREATE TABLE `login` (
  `userid` int(11) NOT NULL,
  `namalengkap` varchar(50) NOT NULL,
  `email` varchar(50) NOT NULL,
  `password` varchar(150) NOT NULL,
  `notelp` varchar(15) NOT NULL,
  `alamat` varchar(100) NOT NULL,
  `tgljoin` timestamp NOT NULL DEFAULT current_timestamp(),
  `role` varchar(7) NOT NULL DEFAULT 'Member',
  `lastlogin` timestamp NULL DEFAULT NULL
) ENGINE=InnoDB DEFAULT CHARSET=utf8mb4;

--
-- Dumping data untuk tabel `login`
--

INSERT INTO `login` (`userid`, `namalengkap`, `email`, `password`, `notelp`, `alamat`, `tgljoin`, `role`, `lastlogin`) VALUES
(1, 'Admin', 'admin', '$2y$10$GJVGd4ji3QE8ikTBzNyA0uLQhiGd6MirZeSJV1O6nUpjSVp1eaKzS', '01234567890', 'Indonesia', '2020-03-16 11:31:17', 'Admin', NULL),
(2, 'Guest', 'guest', '$2y$10$xXEMgj5pMT9EE0QAx3QW8uEn155Je.FHH5SuIATxVheOt0Z4rhK6K', '01234567890', 'Indonesia', '2020-03-16 11:30:40', 'Member', NULL),
(5, 'Jackie Chan', 'jackie@gmail.com', '$2y$10$aIaFnxmR/20zDiN.s.OaX.cwoDdPJIzZRD9einBYYvWgecvAZxGoO', '0123456789', 'Semarang', '2022-02-02 14:54:17', 'Member', NULL),
(6, 'petrik', 'petrik@gmail.com', '$2y$10$dbOr6h6hBatuFWtXJVRzAO91nRs6bfn1Fwf26OZgQZOVXxZpeWK4y', '123', 'semarang', '2022-02-16 13:46:12', 'Member', NULL);

-- --------------------------------------------------------

--
-- Struktur dari tabel `pembayaran`
--

CREATE TABLE `pembayaran` (
  `no` int(11) NOT NULL,
  `metode` varchar(25) NOT NULL,
  `norek` varchar(25) NOT NULL,
  `logo` text DEFAULT NULL,
  `an` varchar(20) NOT NULL
) ENGINE=InnoDB DEFAULT CHARSET=utf8mb4;

--
-- Dumping data untuk tabel `pembayaran`
--

INSERT INTO `pembayaran` (`no`, `metode`, `norek`, `logo`, `an`) VALUES
(1, 'Bank BCA', '13131231231', 'images/bca.jpg', 'Kelompok8'),
(2, 'Bank Mandiri', '943248844843', 'images/mandiri.jpg', 'Kelompok8'),
(3, 'DANA', '0882313132123', 'images/dana.png', 'Kelompok8'),
(4, 'BSI', '1111', 'https://images-tm.tempo.co/all/2021/11/01/786304/786304_1200.jpg', 'kelompok 8');

-- --------------------------------------------------------

--
-- Struktur dari tabel `produk`
--

CREATE TABLE `produk` (
  `idproduk` int(11) NOT NULL,
  `idkategori` int(11) NOT NULL,
  `namaproduk` varchar(30) NOT NULL,
  `gambar` varchar(100) NOT NULL,
  `deskripsi` varchar(200) NOT NULL,
  `rate` int(11) NOT NULL,
  `hargabefore` int(11) NOT NULL,
  `hargaafter` int(11) NOT NULL,
  `tgldibuat` timestamp NOT NULL DEFAULT current_timestamp()
) ENGINE=InnoDB DEFAULT CHARSET=utf8mb4;

--
-- Dumping data untuk tabel `produk`
--

INSERT INTO `produk` (`idproduk`, `idkategori`, `namaproduk`, `gambar`, `deskripsi`, `rate`, `hargabefore`, `hargaafter`, `tgldibuat`) VALUES
(4, 1, 'Kaftan Milo Wanita', 'produk/20220202_204302.jpeg\r\n', 'Percaya Diri +50%', 4, 200000, 160000, '2022-02-02 14:40:19'),
(6, 2, 'Gamis Pink Wanita', 'produk/16uOPharKwiNw.jpeg', 'Percaya Diri +60%', 5, 250000, 180000, '2022-02-02 14:43:20'),
(7, 3, 'Baju Koko Putih Polos Pria', 'produk/20220202_204654.jpeg', 'Gamteng +100%', 5, 200000, 170000, '2022-02-02 14:44:35');

--
-- Indexes for dumped tables
--

--
-- Indeks untuk tabel `cart`
--
ALTER TABLE `cart`
  ADD PRIMARY KEY (`idcart`),
  ADD UNIQUE KEY `orderid` (`orderid`),
  ADD KEY `orderid_2` (`orderid`);

--
-- Indeks untuk tabel `detailorder`
--
ALTER TABLE `detailorder`
  ADD PRIMARY KEY (`detailid`),
  ADD KEY `orderid` (`orderid`),
  ADD KEY `idproduk` (`idproduk`);

--
-- Indeks untuk tabel `kategori`
--
ALTER TABLE `kategori`
  ADD PRIMARY KEY (`idkategori`);

--
-- Indeks untuk tabel `konfirmasi`
--
ALTER TABLE `konfirmasi`
  ADD PRIMARY KEY (`idkonfirmasi`),
  ADD KEY `userid` (`userid`);

--
-- Indeks untuk tabel `login`
--
ALTER TABLE `login`
  ADD PRIMARY KEY (`userid`);

--
-- Indeks untuk tabel `pembayaran`
--
ALTER TABLE `pembayaran`
  ADD PRIMARY KEY (`no`);

--
-- Indeks untuk tabel `produk`
--
ALTER TABLE `produk`
  ADD PRIMARY KEY (`idproduk`),
  ADD KEY `idkategori` (`idkategori`);

--
-- AUTO_INCREMENT untuk tabel yang dibuang
--

--
-- AUTO_INCREMENT untuk tabel `cart`
--
ALTER TABLE `cart`
  MODIFY `idcart` int(11) NOT NULL AUTO_INCREMENT, AUTO_INCREMENT=17;

--
-- AUTO_INCREMENT untuk tabel `detailorder`
--
ALTER TABLE `detailorder`
  MODIFY `detailid` int(11) NOT NULL AUTO_INCREMENT, AUTO_INCREMENT=20;

--
-- AUTO_INCREMENT untuk tabel `kategori`
--
ALTER TABLE `kategori`
  MODIFY `idkategori` int(11) NOT NULL AUTO_INCREMENT, AUTO_INCREMENT=4;

--
-- AUTO_INCREMENT untuk tabel `konfirmasi`
--
ALTER TABLE `konfirmasi`
  MODIFY `idkonfirmasi` int(11) NOT NULL AUTO_INCREMENT, AUTO_INCREMENT=6;

--
-- AUTO_INCREMENT untuk tabel `login`
--
ALTER TABLE `login`
  MODIFY `userid` int(11) NOT NULL AUTO_INCREMENT, AUTO_INCREMENT=7;

--
-- AUTO_INCREMENT untuk tabel `pembayaran`
--
ALTER TABLE `pembayaran`
  MODIFY `no` int(11) NOT NULL AUTO_INCREMENT, AUTO_INCREMENT=5;

--
-- AUTO_INCREMENT untuk tabel `produk`
--
ALTER TABLE `produk`
  MODIFY `idproduk` int(11) NOT NULL AUTO_INCREMENT, AUTO_INCREMENT=8;

--
-- Ketidakleluasaan untuk tabel pelimpahan (Dumped Tables)
--

--
-- Ketidakleluasaan untuk tabel `detailorder`
--
ALTER TABLE `detailorder`
  ADD CONSTRAINT `idproduk` FOREIGN KEY (`idproduk`) REFERENCES `produk` (`idproduk`) ON DELETE CASCADE ON UPDATE CASCADE,
  ADD CONSTRAINT `orderid` FOREIGN KEY (`orderid`) REFERENCES `cart` (`orderid`) ON DELETE CASCADE ON UPDATE CASCADE;

--
-- Ketidakleluasaan untuk tabel `konfirmasi`
--
ALTER TABLE `konfirmasi`
  ADD CONSTRAINT `userid` FOREIGN KEY (`userid`) REFERENCES `login` (`userid`) ON DELETE CASCADE ON UPDATE CASCADE;

--
-- Ketidakleluasaan untuk tabel `produk`
--
ALTER TABLE `produk`
  ADD CONSTRAINT `idkategori` FOREIGN KEY (`idkategori`) REFERENCES `kategori` (`idkategori`) ON DELETE CASCADE ON UPDATE CASCADE;
COMMIT;

/*!40101 SET CHARACTER_SET_CLIENT=@OLD_CHARACTER_SET_CLIENT */;
/*!40101 SET CHARACTER_SET_RESULTS=@OLD_CHARACTER_SET_RESULTS */;
/*!40101 SET COLLATION_CONNECTION=@OLD_COLLATION_CONNECTION */;
